_eventzone_boss_base,-40120423,False,True,False,Default
_TerrainCompiler,-367065113,False,True,False,Terrain
_ZoneCtrl,1703108136,False,True,False,Default
Abomination,2095123679,False,True,False,Default
Abomination_attack1,1382552281,False,True,False,Default
Abomination_attack2,1382552278,False,True,False,Default
Abomination_attack3,1382552279,False,True,False,Default
Abomination_ragdoll,-1559908641,False,False,False,Default
Acorn,-2047937207,False,True,False,Default
Amber,-1570747403,False,True,False,Default
AmberPearl,-1844493069,False,True,False,Default
ancientbarkspear_projectile,-588675353,False,False,False,Default
AncientSeed,-500516295,False,True,False,Default
aoe_nova,391153472,False,False,False,Default
ArmorBronzeChest,-524840022,False,True,False,Default
ArmorBronzeLegs,-1070975544,False,True,False,Default
ArmorFenringChest,349244329,False,True,False,Default
ArmorFenringLegs,1068454321,False,True,False,Default
ArmorIronChest,-77418440,False,True,False,Default
ArmorIronLegs,855433562,False,True,False,Default
ArmorLeatherChest,1842977441,False,True,False,Default
ArmorLeatherLegs,-129361023,False,True,False,Default
ArmorPaddedCuirass,-2102914493,False,True,False,Default
ArmorPaddedGreaves,-1316976302,False,True,False,Default
ArmorRagsChest,-1873790835,False,True,False,Default
ArmorRagsLegs,-1807008579,False,True,False,Default
ArmorRootChest,973754414,False,True,False,Default
ArmorRootLegs,1839036508,False,True,False,Default
ArmorStand,1580161127,False,True,False,Default
ArmorStand_Female,826840908,False,True,False,Default
ArmorStand_Male,639316453,False,True,False,Default
ArmorTrollLeatherChest,-1722809642,False,True,False,Default
ArmorTrollLeatherLegs,-560834156,False,True,False,Default
ArmorWolfChest,-914594978,False,True,False,Default
ArmorWolfLegs,-1695215220,False,True,False,Default
ArrowBronze,2137518083,False,True,False,Default
ArrowFire,-1917784535,False,True,False,Default
ArrowFlint,-843447246,False,True,False,Default
ArrowFrost,-641933831,False,True,False,Default
ArrowIron,-1003810285,False,True,False,Default
ArrowNeedle,1981231808,False,True,False,Default
ArrowObsidian,343761714,False,True,False,Default
ArrowPoison,-1215929287,False,True,False,Default
ArrowSilver,799199670,False,True,False,Default
ArrowWood,-782094582,False,True,False,Default
AtgeirBlackmetal,275694258,False,True,False,Default
AtgeirBronze,-971799304,False,True,False,Default
AtgeirIron,-1697777810,False,True,False,Default
AxeBlackMetal,1694548656,False,True,False,Default
AxeBronze,-533689078,False,True,False,Default
AxeFlint,-1468314591,False,True,False,Default
AxeIron,1790496580,False,True,False,Default
AxeStone,-1779108881,False,True,False,Default
Barley,294912805,False,True,False,Default
BarleyFlour,-1702506509,False,True,False,Default
BarleyWine,-1380373382,False,True,False,Default
BarleyWineBase,113986677,False,True,False,Default
barrell,2034747966,False,True,False,Default
Bat,696030471,False,True,False,Default
bat_melee,-1913972066,False,True,False,Default
Battleaxe,1943723324,False,True,False,Default
BattleaxeCrystal,-1994118106,False,True,False,Default
bed,-1273339005,False,True,False,Solid
bee_aoe,-1791758602,False,False,False,Default
beech_log,837895808,False,True,True,Default
beech_log_half,-624406308,False,True,True,Default
Beech_Sapling,1170585794,False,True,True,Default
Beech_small1,865557360,False,True,True,Default
Beech_small2,1268841887,False,True,True,Default
Beech_Stub,747762302,False,True,True,Default
Beech1,-493262268,True,True,True,Solid
BeechSeeds,1912302441,False,True,False,Default
Beehive,185590564,False,True,False,Default
BeltStrength,-460902046,False,True,False,Default
Birch_log,-1411911791,False,True,True,Default
Birch_log_half,1868061717,False,True,True,Default
Birch_Sapling,-646762577,False,True,True,Default
Birch1,-427486029,True,True,True,Solid
Birch1_aut,816500238,True,True,True,Solid
Birch2,-1993569970,True,True,True,Solid
Birch2_aut,-789472993,True,True,True,Solid
BirchSeeds,-601117714,False,True,False,Default
BirchStub,-1425208488,False,True,True,Default
BlackForestLocationMusic,-94314950,False,True,False,Default
BlackMetal,-535733020,False,True,False,Default
BlackMetalScrap,1762081833,False,True,False,Default
BlackSoup,388599790,False,True,False,Default
blastfurnace,1048742812,False,True,False,Solid
Blob,829393023,False,True,False,Default
blob_aoe,1122333731,False,False,False,Default
BlobElite,-249968000,False,True,False,Default
BlobTar,1909245568,False,True,False,Default
blobtar_projectile_tarball,-1079891863,False,False,False,Default
Bloodbag,248299036,False,True,False,Default
BloodPudding,-1293151425,False,True,False,Default
Blueberries,583402574,False,True,False,Default
BlueberryBush,1998010392,False,True,True,Default
Boar,-1670867714,False,True,False,Default
Boar_piggy,1076559013,False,True,False,Default
boar_ragdoll,832544534,False,True,False,Default
BoarJerky,150066261,False,True,False,Default
BombOoze,-96710263,False,True,False,Default
BoneFragments,1190462933,False,True,False,Default
Bonemass,-146537656,False,True,False,Default
bonemass_aoe,-741676700,False,False,False,Default
bonemass_throw_projectile,1289546541,False,False,False,Default
BonePileSpawner,1577361568,False,True,False,Default
bonfire,-999191493,False,True,False,Solid
BossStone_Bonemass,-1521109453,False,True,False,Solid
BossStone_DragonQueen,1216631312,False,True,False,Solid
BossStone_Eikthyr,-1399780559,False,True,False,Solid
BossStone_TheElder,-1784287464,False,True,False,Solid
BossStone_Yagluth,-636214073,False,True,False,Solid
Bow,1502599522,False,True,False,Default
bow_projectile,1261559868,False,False,False,Default
bow_projectile_fire,-1686607761,False,False,False,Default
bow_projectile_frost,-755455001,False,False,False,Default
bow_projectile_needle,-1829892894,False,False,False,Default
bow_projectile_poison,752202755,False,False,False,Default
BowDraugrFang,-1470815101,False,True,False,Default
BowFineWood,1304037785,False,True,False,Default
BowHuntsman,1410944776,False,True,False,Default
Bread,1185250548,False,True,False,Default
BreadDough,-787066183,False,True,False,Default
Bronze,-630222754,False,True,False,Default
BronzeNails,-1729390917,False,True,False,Default
bronzespear_projectile,2013693133,False,False,False,Default
bucket,-29074708,False,True,False,Default
Bush01,548904977,False,True,True,Default
Bush01_heath,-1798873102,False,True,True,Default
Bush02_en,-136568224,False,True,True,Default
CapeDeerHide,1624045309,False,True,False,Default
CapeLinen,-1893623813,False,True,False,Default
CapeLox,1726435208,False,True,False,Default
CapeOdin,-320326905,False,True,False,Default
CapeTest,1790203521,False,True,False,Default
CapeTrollHide,-1068315380,False,True,False,Default
CapeWolf,-2108127691,False,True,False,Default
CargoCrate,-366938831,False,True,False,Default
Carrot,1209145989,False,True,False,Default
CarrotSeeds,-743867699,False,True,False,Default
CarrotSoup,248039118,False,True,False,Default
Cart,49675204,False,True,False,Default
CastleKit_braided_box01,-1807421665,False,True,False,Default
CastleKit_brazier,709785924,False,True,False,Solid
CastleKit_groundtorch,1477467946,False,True,False,Default
CastleKit_groundtorch_green,-524464010,False,True,False,Default
CastleKit_groundtorch_unlit,1814971431,False,True,False,Default
CastleKit_metal_groundtorch_unlit,1312507201,False,True,False,Default
CastleKit_pot03,206059549,False,True,False,Default
cauldron_ext1_spice,-1284852450,False,True,False,Solid
cauldron_ext3_butchertable,-1932932113,False,True,False,Solid
cauldron_ext4_pots,1470713869,False,True,False,Solid
caverock_ice_pillar_wall,-150393364,False,True,True,Solid
caverock_ice_stalagmite,-2053541920,False,True,True,Solid
caverock_ice_stalagmite_broken,-1349061296,False,True,True,Solid
caverock_ice_stalagmite_destruction,1935032255,False,False,True,Default
caverock_ice_stalagtite,-494364525,False,True,True,Solid
caverock_ice_stalagtite_destruction,-691410382,False,False,True,Default
caverock_ice_stalagtite_falling,-15162285,False,False,True,Default
caverock_ice_wall_destruction,-481743960,False,False,True,Default
Chain,1534575709,False,True,False,Default
charcoal_kiln,816862660,False,True,False,Solid
Chest,-696914899,False,True,False,Default
Chitin,-91716071,False,True,False,Default
cloth_hanging_door,-1049634774,False,True,False,Solid
cloth_hanging_door_double,-691115746,False,True,False,Solid
cloth_hanging_long,1773356668,False,True,False,Solid
Cloudberry,-1899504733,False,True,False,Default
CloudberryBush,940750515,False,True,True,Default
Club,829393066,False,True,False,Default
Coal,204392453,False,True,False,Default
coal_pile,1803366038,False,True,False,Solid
Coins,1554778960,False,True,False,Default
CookedDeerMeat,-1559009424,False,True,False,Default
CookedLoxMeat,-687491193,False,True,False,Default
CookedMeat,-90783900,False,True,False,Default
CookedWolfMeat,-1357090580,False,True,False,Default
Copper,1428605659,False,True,False,Default
CopperOre,1868171867,False,True,False,Default
Crow,903556745,False,True,False,Default
CryptKey,1014536855,False,True,False,Default
Crystal,908712672,False,True,False,Default
crystal_wall_1x1,650075310,False,True,False,Solid
cultivate,-1005613019,False,True,False,Solid
Cultivator,-1130499279,False,True,False,Default
Dandelion,1288940892,False,True,False,Default
darkwood_arch,463424268,False,True,False,Solid
darkwood_beam,-840537217,False,True,False,Solid
darkwood_beam4x4,-791142009,False,True,False,Solid
darkwood_decowall,1429703979,False,True,False,Solid
darkwood_gate,1276642083,False,True,False,Solid
darkwood_pole,-1351226314,False,True,False,Solid
darkwood_pole4,-1211998438,False,True,False,Solid
darkwood_raven,1646817558,False,True,False,Solid
darkwood_roof,255263578,False,True,False,Solid
darkwood_roof_45,-1271098328,False,True,False,Solid
darkwood_roof_icorner,-1737626015,False,True,False,Solid
darkwood_roof_icorner_45,740898699,False,True,False,Solid
darkwood_roof_ocorner,-1737832933,False,True,False,Solid
darkwood_roof_ocorner_45,734070413,False,True,False,Solid
darkwood_roof_top,360656326,False,True,False,Solid
darkwood_roof_top_45,1645551772,False,True,False,Solid
darkwood_wolf,-403494760,False,True,False,Solid
dead_deer,1619070209,False,True,False,Default
Deathsquito,-1609638819,False,True,False,Default
Deathsquito_sting,-361803535,False,True,False,Default
Deer,291594142,False,True,False,Default
deer_ragdoll,-555931738,False,True,False,Default
DeerGodExplosion,648911439,False,False,False,Default
DeerHide,705284766,False,True,False,Default
DeerMeat,-1519557673,False,True,False,Default
DeerStew,-1170233273,False,True,False,Default
DG_Cave,497418925,False,True,False,Solid
DG_ForestCrypt,-1277205767,False,True,False,Solid
DG_GoblinCamp,322846882,False,True,False,Solid
DG_MeadowsFarm,-1118485742,False,True,False,Solid
DG_MeadowsVillage,797712294,False,True,False,Solid
DG_SunkenCrypt,-446811472,False,True,False,Solid
digg,-2000248195,False,True,False,Solid
digg_v2,-1544763428,False,True,False,Solid
Dragon,-408509179,False,True,False,Default
dragon_ice_projectile,-1680081557,False,False,False,Default
DragonEgg,-1736688790,False,True,False,Default
dragoneggcup,1178524842,False,True,False,Default
DragonTear,-1719994617,False,True,False,Default
Draugr,505464631,False,True,False,Default
draugr_arrow,1799389161,False,True,False,Default
draugr_axe,-896645116,False,True,False,Default
draugr_bow,-1488146288,False,True,False,Default
draugr_bow_projectile,1671731874,False,False,False,Default
Draugr_Elite,437915453,False,True,False,Default
Draugr_elite_ragdoll,124978337,False,True,False,Default
Draugr_ragdoll,1394133807,False,True,False,Default
Draugr_Ranged,515141415,False,True,False,Default
Draugr_ranged_ragdoll,-2052189689,False,True,False,Default
draugr_sword,1986762565,False,True,False,Default
dungeon_forestcrypt_door,-1481786749,False,True,False,Solid
dungeon_sunkencrypt_irongate,-647334815,False,True,False,Solid
Eikthyr,-938588874,False,True,False,Default
eikthyr_ragdoll,-82703974,False,True,False,Default
ElderBark,938726216,False,True,False,Default
Entrails,-1985632376,False,True,False,Default
eventzone_bonemass,-1796573617,False,True,False,Default
eventzone_eikthyr,641614345,False,True,False,Default
eventzone_gdking,-1815933211,False,True,False,Default
eventzone_goblinking,-630804645,False,True,False,Default
eventzone_moder,-264209140,False,True,False,Default
EvilHeart_Forest,-2106312224,False,True,False,Default
EvilHeart_Swamp,552253847,False,True,False,Default
Eyescream,1317085082,False,True,False,Default
Feathers,-1792723966,False,True,False,Default
Fenring,1388670159,False,True,False,Default
Fenring_attack_flames_aoe,-2089404025,False,False,False,Default
Fenring_Cultist,-1237836442,False,True,False,Default
Fenring_cultist_ragdoll,1571536938,False,True,False,Default
Fenring_ragdoll,-870478745,False,True,False,Default
fenrirhide_hanging,388131667,False,True,False,Solid
fenrirhide_hanging_door,-1305303832,False,True,False,Solid
fermenter,-931391920,False,True,False,Solid
FineWood,212315135,False,True,False,Default
FirCone,183471488,False,True,False,Default
fire_pit,399713608,False,True,False,Solid
FireFlies,-1931516595,False,True,False,Default
FirTree,1185163063,True,True,True,Solid
FirTree_log,-1147276818,False,True,True,Default
FirTree_log_half,-755748398,False,True,True,Default
FirTree_oldLog,1051479931,False,True,True,Default
FirTree_Sapling,-2139814576,False,True,True,Default
FirTree_small,888684615,False,True,True,Default
FirTree_small_dead,-367866354,False,True,True,Default
FirTree_Stub,-2025597564,False,True,True,Default
Fish1,109649205,False,True,False,Default
Fish2,109649206,False,True,False,Default
Fish3,109649207,False,True,False,Default
Fish4_cave,58693868,False,True,False,Default
FishCooked,-1292410483,False,True,False,Default
FishingBait,2120058096,False,True,False,Default
FishingRod,2095458909,False,True,False,Default
FishingRodFloat,-2128965567,False,False,False,Default
FishingRodFloatProjectile,1255402074,False,False,False,Default
FishRaw,-535377778,False,True,False,Default
FishWraps,-1650135981,False,True,False,Default
FistFenrirClaw,-1721646831,False,True,False,Default
Flametal,-1619429742,False,True,False,Default
FlametalOre,-22163406,False,True,False,Default
Flax,1635961943,False,True,False,Default
Flies,-1711908779,False,True,False,Default
Flint,-952393887,False,True,False,Default
flintspear_projectile,1600360364,False,False,False,Default
forge,-1530372843,False,True,False,Solid
forge_ext1,-18266612,False,True,False,Solid
forge_ext2,-421551139,False,True,False,Solid
forge_ext3,1144532802,False,True,False,Solid
forge_ext4,385017915,False,True,False,Solid
forge_ext5,1951101856,False,True,False,Solid
forge_ext6,1547817329,False,True,False,Solid
FreezeGland,-2107335129,False,True,False,Default
FrostCavesShrineReveal,1491287432,False,True,False,Default
fx_Abomination_arise,-863359251,False,False,False,Default
fx_Abomination_arise_end,500888217,False,False,False,Default
fx_Abomination_attack_hit,1086573447,False,False,False,Default
fx_Abomination_attack1,1753165102,False,False,False,Default
fx_Abomination_attack1_start,-431820145,False,False,False,Default
fx_Abomination_attack1_trailon,840131048,False,False,False,Default
fx_Abomination_attack2,1349880575,False,False,False,Default
fx_Abomination_attack2_lift,1651023775,False,False,False,Default
fx_Abomination_attack2_start,-27091948,False,False,False,Default
fx_Abomination_attack3,-1379002780,False,False,False,Default
fx_Abomination_attack3_start,-812819815,False,False,False,Default
fx_ArmorStand_pick,-1668628040,False,False,False,Default
fx_backstab,513540838,False,False,False,Default
fx_bat_death,2112410193,False,False,False,Default
fx_bat_hit,-1854382242,False,False,False,Default
fx_blobtar_tarball_hit,2138920922,False,False,False,Default
fx_boar_pet,1284548697,False,False,False,Default
fx_Bonemass_aoe_start,-132707708,False,False,False,Default
fx_creature_tamed,1367755680,False,False,False,Default
fx_crit,1083439213,False,False,False,Default
fx_crystal_destruction,-1115480558,False,False,False,Default
fx_deathsquito_hit,521449968,False,False,False,Default
fx_deatsquito_death,-957960149,False,False,False,Default
fx_dragon_land,1159596902,False,False,False,Default
fx_drown,1358135697,False,False,False,Default
fx_eikthyr_forwardshockwave,96144440,False,False,False,Default
fx_eikthyr_stomp,-311152809,False,False,False,Default
fx_fenring_flames,27262405,False,False,False,Default
fx_float_hitwater,1054502638,False,False,False,Default
fx_float_nibble,-1790688672,False,False,False,Default
fx_gdking_rootspawn,727170115,False,False,False,Default
fx_goblinbrute_groundslam,-1070004643,False,False,False,Default
fx_goblinking_beam_hit,917183013,False,False,False,Default
fx_goblinking_death,-1899360684,False,False,False,Default
fx_goblinking_hit,1274496653,False,False,False,Default
fx_goblinking_meteor_hit,-882794760,False,False,False,Default
fx_goblinking_nova,977083296,False,False,False,Default
fx_GoblinShieldBreak,-29779998,False,False,True,Default
fx_GoblinShieldHit,1378191352,False,False,True,Default
fx_GP_Activation,1210376161,False,False,False,Default
fx_GP_Player,-1064502302,False,False,False,Default
fx_GP_Stone,-964066384,False,False,False,Default
fx_guardstone_activate,504146489,False,False,False,Default
fx_guardstone_deactivate,-854606842,False,False,False,Default
fx_guardstone_permitted_add,-842656812,False,False,False,Default
fx_guardstone_permitted_removed,763516691,False,False,False,Default
fx_hottub_addwood,168056958,False,False,False,Default
fx_icefloor_destruction,-1417255809,False,False,True,Default
fx_icicle_destruction,-469159059,False,False,False,Default
fx_leviathan_leave,1907076913,False,False,False,Default
fx_leviathan_reaction,-1908485725,False,False,False,Default
fx_Lightning,-590558407,False,False,True,Default
fx_lox_death,-1556292783,False,False,False,Default
fx_lox_hit,-13297202,False,False,False,Default
fx_lox_pet,504556970,False,False,False,Default
fx_lox_tamed,-117748084,False,False,False,Default
fx_loxcalf_death,1238354849,False,False,False,Default
fx_oven_add_food,463296512,False,False,False,Default
fx_oven_add_wood,463297073,False,False,False,Default
fx_oven_produce,-1157562916,False,False,False,Default
fx_Potion_frostresist,-1445195853,False,False,True,Default
fx_Puke,-1094090678,False,False,True,Default
fx_shaman_fireball_expl,1140086335,False,False,False,Default
fx_shaman_protect,-430233955,False,False,False,Default
fx_sw_addflax,778331988,False,False,False,Default
fx_sw_produce,26707384,False,False,False,Default
fx_tar_bubbles,-293996892,False,False,False,Default
fx_tentaroot_death,-1301911090,False,False,False,Default
fx_tombstone_destroyed,-612587032,False,False,False,Default
fx_totem_destroyed,-550679782,False,False,False,Default
fx_vines_hit,1213446712,False,False,False,Default
fx_WaterImpact_Big,350984073,False,False,False,Default
fx_wolf_pet,287754685,False,False,False,Default
gd_king,-2101309657,False,True,False,Default
gdking_Ragdoll,-811560274,False,True,False,Default
gdking_root_projectile,696105667,False,False,False,Default
Ghost,-696918929,False,True,False,Default
GlowingMushroom,-1457187493,False,True,True,Default
Goblin,-137741679,False,True,False,Default
goblin_banner,2045908432,False,True,False,Solid
goblin_bed,-1998259239,False,True,False,Solid
Goblin_Dragdoll,608207097,False,True,False,Default
goblin_fence,950265897,False,True,False,Solid
goblin_pole,133115456,False,True,False,Solid
goblin_pole_small,440394388,False,True,False,Solid
goblin_roof_45d,654372746,False,True,False,Solid
goblin_roof_45d_corner,-696037094,False,True,False,Solid
goblin_roof_cap,842587907,False,True,False,Solid
goblin_stairs,-1788665696,False,True,False,Solid
goblin_stepladder,70596228,False,True,False,Solid
goblin_totempole,-164406293,False,True,False,Solid
goblin_woodwall_1m,-216645858,False,True,False,Solid
goblin_woodwall_2m,-216645857,False,True,False,Solid
goblin_woodwall_2m_ribs,2020886964,False,True,False,Solid
GoblinArcher,-1508843442,False,True,False,Default
GoblinArmband,1639499022,False,True,False,Default
GoblinBrute,-939999423,False,True,False,Default
GoblinBrute_ArmGuard,801523509,False,True,False,Default
GoblinBrute_Attack,1626038296,False,True,False,Default
GoblinBrute_Backbones,-1141183846,False,True,False,Default
GoblinBrute_ExecutionerCap,1057188125,False,True,False,Default
GoblinBrute_HipCloth,-1678144185,False,True,False,Default
GoblinBrute_LegBones,-1023139695,False,True,False,Default
GoblinBrute_ragdoll,195844421,False,True,False,Default
GoblinBrute_RageAttack,1750141103,False,True,False,Default
GoblinBrute_ShoulderGuard,886640797,False,True,False,Default
GoblinBrute_Taunt,422634212,False,True,False,Default
GoblinClub,1243528541,False,True,False,Default
GoblinHelmet,-1372598740,False,True,False,Default
GoblinKing,-221799126,False,True,False,Default
GoblinKing_ragdoll,-1183704758,False,True,False,Default
goblinking_totemholder,-1299706766,False,True,False,Default
GoblinLegband,606128236,False,True,False,Default
GoblinLoin,-1182826951,False,True,False,Default
GoblinShaman,-315180887,False,True,False,Default
GoblinShaman_attack_poke,562187776,False,True,False,Default
GoblinShaman_Headdress_antlers,454410833,False,True,False,Default
GoblinShaman_Headdress_feathers,-776894186,False,True,False,Default
GoblinShaman_projectile_fireball,58584771,False,False,False,Default
GoblinShaman_protect_aoe,693601149,False,False,False,Default
GoblinShaman_ragdoll,-1610435819,False,True,False,Default
GoblinShaman_Staff_Bones,1167933866,False,True,False,Default
GoblinShaman_Staff_Feathers,-1055192031,False,True,False,Default
GoblinShoulders,-132972994,False,True,False,Default
GoblinSpear,552197258,False,True,False,Default
GoblinSpear_projectile,740613604,False,False,False,Default
GoblinSword,-1000332366,False,True,False,Default
GoblinTorch,1923162683,False,True,False,Default
GoblinTotem,-1209005522,False,True,False,Default
Greydwarf,1126707611,False,True,False,Default
Greydwarf_Elite,-1374218359,False,True,False,Default
Greydwarf_elite_ragdoll,-1011209571,False,True,False,Default
Greydwarf_ragdoll,605908579,False,True,False,Default
Greydwarf_Root,-1510980060,False,True,False,Default
Greydwarf_Shaman,762782418,False,True,False,Default
Greydwarf_Shaman_ragdoll,-792591186,False,True,False,Default
Greydwarf_throw_projectile,-340666050,False,False,False,Default
GreydwarfEye,-826622060,False,True,False,Default
Greyling,-50960667,False,True,False,Default
Greyling_ragdoll,1354298625,False,True,False,Default
guard_stone,-1024209535,False,True,False,Solid
guard_stone_test,783188550,False,True,False,Default
Guck,177541128,False,True,False,Default
GuckSack,-2040480890,False,True,True,Default
GuckSack_small,-914926950,False,True,True,Default
Haldor,375476424,False,True,False,Default
Hammer,200814284,False,True,False,Default
hanging_hairstrands,-1418004192,False,True,False,Solid
HardAntler,1712371231,False,True,False,Default
Hatchling,-729507656,False,True,False,Default
hatchling_cold_projectile,-835209289,False,False,False,Default
Hatchling_ragdoll,-789524728,False,True,False,Default
HealthUpgrade_Bonemass,-1717780267,False,True,False,Default
HealthUpgrade_GDKing,-1387001121,False,True,False,Default
hearth,656210618,False,True,False,Solid
HeathRockPillar,-2132038161,True,True,False,Default
HeathRockPillar_frac,-328261538,True,True,False,Default
HelmetBronze,1813259955,False,True,False,Default
HelmetDrake,1408519140,False,True,False,Default
HelmetDverger,703889544,False,True,False,Default
HelmetFenring,-178897214,False,True,False,Default
HelmetIron,2113728123,False,True,False,Default
HelmetLeather,70008852,False,True,False,Default
HelmetMidsummerCrown,-1421560593,False,True,False,Default
HelmetOdin,-204964095,False,True,False,Default
HelmetPadded,1885444557,False,True,False,Default
HelmetRoot,-1119196061,False,True,False,Default
HelmetTrollLeather,1503400855,False,True,False,Default
HelmetYule,1213051262,False,True,False,Default
highstone,-1383558263,False,True,True,Solid
highstone_frac,-1305625596,False,True,True,Solid
Hoe,1502599834,False,True,False,Default
Honey,1601842181,False,True,False,Default
horizontal_web,193150005,False,True,False,Default
HugeRoot1,-832142516,False,True,True,Solid
Ice_floor,-1448864844,False,True,True,Solid
Ice_floor_fractured,-1169366101,False,True,True,Default
ice_rock1,343637466,False,True,True,Default
ice_rock1_frac,1448015437,False,True,True,Default
ice1,1017608796,False,True,False,Default
IceBlocker,492655805,False,True,False,Default
Imp_fireball_projectile,-1372761134,False,False,False,Default
incinerator,-1876813566,False,True,False,Solid
Iron,1400949664,False,True,False,Default
iron_floor_1x1,-1904833886,False,True,False,Solid
iron_floor_2x2,-479912446,False,True,False,Solid
iron_grate,-2019670596,False,True,False,Solid
iron_wall_1x1,424208618,False,True,False,Solid
iron_wall_2x2,424208778,False,True,False,Solid
IronNails,584343451,False,True,False,Default
IronOre,411615136,False,True,False,Default
IronScrap,1511877305,False,True,False,Default
itemstand,-1235119491,False,True,False,Default
itemstandh,1822362821,False,True,False,Default
jute_carpet,-1313065786,False,True,False,Default
JuteRed,502052093,False,True,False,Default
Karve,-925528333,False,True,False,Prioritized
KnifeBlackMetal,1961661821,False,True,False,Default
KnifeButcher,1365582486,False,True,False,Default
KnifeChitin,-505018634,False,True,False,Default
KnifeCopper,1410911030,False,True,False,Default
KnifeFlint,-1567646802,False,True,False,Default
KnifeSilver,-1378519326,False,True,False,Default
LeatherScraps,1490625731,False,True,False,Default
Leech,-1537236269,False,True,False,Default
Leech_cave,-98355895,False,True,False,Default
Leviathan,1332964068,False,True,False,Solid
lightningAOE,-1940000293,False,False,False,Default
LinenThread,-1376039418,False,True,False,Default
LocationProxy,-313992107,False,True,False,Solid
loot_chest_stone,-323903440,False,True,False,Default
loot_chest_wood,143869018,False,True,False,Default
LootSpawner_pineforest,2067969702,False,True,False,Default
Lox,1502599715,False,True,False,Default
Lox_Calf,2032626552,False,True,False,Default
lox_ragdoll,886454387,False,True,False,Default
lox_ribs,-1181455604,False,True,False,Solid
lox_stomp_aoe_OLD,433303229,False,False,False,Default
loxcalf_ragdoll,128389279,False,True,False,Default
LoxMeat,1273492894,False,True,False,Default
LoxPelt,702453006,False,True,False,Default
LoxPie,16727443,False,True,False,Default
LoxPieUncooked,2035010361,False,True,False,Default
MaceBronze,1042173684,False,True,False,Default
MaceIron,-2074455458,False,True,False,Default
MaceNeedle,1646123621,False,True,False,Default
MaceSilver,-589925683,False,True,False,Default
marker01,-1738390869,False,True,True,Solid
marker02,-1335106342,False,True,True,Solid
MeadBaseFrostResist,1001949628,False,True,False,Default
MeadBaseHealthMedium,-337119751,False,True,False,Default
MeadBaseHealthMinor,2092877623,False,True,False,Default
MeadBasePoisonResist,196470766,False,True,False,Default
MeadBaseStaminaMedium,279948666,False,True,False,Default
MeadBaseStaminaMinor,-1061353886,False,True,False,Default
MeadBaseTasty,1894904111,False,True,False,Default
MeadFrostResist,647021439,False,True,False,Default
MeadHealthMedium,-1416734660,False,True,False,Default
MeadHealthMinor,920031124,False,True,False,Default
MeadPoisonResist,-1382234189,False,True,False,Default
MeadStaminaMedium,-1060658883,False,True,False,Default
MeadStaminaMinor,-1149314721,False,True,False,Default
MeadTasty,-996243444,False,True,False,Default
MinceMeatSauce,-1219034992,False,True,False,Default
MineRock_Copper,723343212,False,True,False,Default
MineRock_Iron,-922930389,False,True,False,Default
MineRock_Meteorite,-971628607,False,True,False,Default
MineRock_Obsidian,820355464,False,True,True,Default
MineRock_Stone,-1789907722,False,True,False,Default
MineRock_Tin,-1882492588,False,True,True,Default
MountainGraveStone01,268544908,False,True,True,Default
MountainKit_brazier,-42805769,False,True,False,Solid
mountainkit_chair,-1770394629,False,True,False,Solid
mountainkit_table,972026940,False,True,False,Solid
MountainKit_wood_gate,1604827893,False,True,False,Default
mud_road,463677683,False,True,False,Solid
mudpile,-165023748,False,True,True,Solid
mudpile_beacon,-42517997,False,True,True,Solid
mudpile_frac,-1189190447,False,True,True,Solid
mudpile_old,-1480591642,False,True,True,Default
mudpile2,1756993846,False,True,True,Solid
mudpile2_frac,-47303797,False,True,True,Solid
Mushroom,-1961898040,False,True,False,Default
MushroomBlue,660592112,False,True,False,Default
MushroomYellow,-115856560,False,True,False,Default
Neck,-2081058657,False,True,False,Default
Neck_Ragdoll,-152497,False,False,False,Default
NeckTail,-1398896717,False,True,False,Default
NeckTailGrilled,-1094347100,False,True,False,Default
Needle,1523164967,False,True,False,Default
Oak_log,-1822460498,False,True,True,Default
Oak_log_half,719041002,False,True,True,Default
Oak_Sapling,-172929820,False,True,True,Default
Oak1,735284842,True,True,True,Solid
OakStub,1457518369,False,True,True,Solid
Obsidian,-215580535,False,True,False,Default
odin,1313230286,False,True,False,Default
OLD_wood_roof,-1278775552,False,True,False,Default
OLD_wood_roof_icorner,-495402031,False,True,False,Default
OLD_wood_roof_ocorner,-495338349,False,True,False,Default
OLD_wood_roof_top,-1083140140,False,True,False,Default
OLD_wood_wall_roof,1928745705,False,True,False,Default
Onion,-1315263071,False,True,False,Default
OnionSeeds,1180314225,False,True,False,Default
OnionSoup,1592016380,False,True,False,Default
Ooze,1414246171,False,True,False,Default
oozebomb_explosion,-551548701,False,False,False,Default
oozebomb_projectile,-272518761,False,False,False,Default
path,-1919693987,False,True,False,Solid
paved_road,456394941,False,True,False,Solid
Pickable_Barley,-739875783,False,True,True,Default
Pickable_Barley_Wild,-494395474,False,True,True,Default
Pickable_BogIronOre,1644571806,False,True,False,Default
Pickable_Branch,2035819856,False,True,True,Default
Pickable_Carrot,600686073,False,True,True,Default
Pickable_Dandelion,16756586,False,True,False,Default
Pickable_DolmenTreasure,1500324956,False,True,False,Default
Pickable_DragonEgg,-321593056,False,True,False,Default
Pickable_Fishingrod,-524508767,False,True,False,Default
Pickable_Flax,-1182933197,False,True,True,Default
Pickable_Flax_Wild,1325033780,False,True,True,Default
Pickable_Flint,-1217738099,False,True,False,Default
Pickable_ForestCryptRandom,-2081011024,False,True,False,Default
Pickable_ForestCryptRemains01,449644523,False,True,True,Default
Pickable_ForestCryptRemains02,449644526,False,True,True,Default
Pickable_ForestCryptRemains03,449644525,False,True,True,Default
Pickable_ForestCryptRemains04,449644520,False,True,True,Default
Pickable_Hairstrands01,-397428878,False,True,True,Default
Pickable_Hairstrands02,5855649,False,True,True,Default
Pickable_Item,-477120423,False,True,False,Default
Pickable_MeatPile,445972681,False,True,True,Default
Pickable_Meteorite,-1081635004,False,True,False,Default
Pickable_MountainCaveCrystal,299318408,False,True,False,Default
Pickable_MountainCaveObsidian,-1115391601,False,True,False,Default
Pickable_MountainCaveRandom,478105205,False,True,False,Default
Pickable_MountainRemains01_buried,-1816579317,False,True,True,Default
Pickable_Mushroom,1520650186,False,True,False,Default
Pickable_Mushroom_blue,-1843622859,False,True,False,Default
Pickable_Mushroom_yellow,-1342135541,False,True,False,Default
Pickable_Obsidian,-1991911291,False,True,False,Default
Pickable_Onion,959601677,False,True,True,Default
Pickable_RandomFood,-1117014999,False,True,False,Default
Pickable_SeedCarrot,1405222666,False,True,True,Default
Pickable_SeedOnion,539751898,False,True,True,Default
Pickable_SeedTurnip,1947547595,False,True,True,Default
Pickable_Stone,-1471593253,False,True,False,Default
Pickable_SunkenCryptRandom,849594011,False,True,False,Default
Pickable_SurtlingCoreStand,2014622831,False,True,False,Default
Pickable_Tar,908600739,False,True,False,Default
Pickable_TarBig,412021611,False,True,False,Default
Pickable_Thistle,1175276079,False,True,True,Default
Pickable_Tin,-2129458801,False,True,False,Default
Pickable_Turnip,412034074,False,True,True,Default
PickaxeAntler,-961424307,False,True,False,Default
PickaxeBronze,-1585937997,False,True,False,Default
PickaxeIron,915836683,False,True,False,Default
PickaxeStone,1083748678,False,True,False,Default
piece_artisanstation,1642546285,False,True,False,Solid
piece_banner01,420204856,False,True,False,Default
piece_banner02,823489383,False,True,False,Default
piece_banner03,-742594558,False,True,False,Default
piece_banner04,16920329,False,True,False,Default
piece_banner05,-1549163612,False,True,False,Default
piece_banner06,-1145879085,False,True,False,Default
piece_banner07,1583004270,False,True,False,Default
piece_banner08,-1952448139,False,True,False,Default
piece_banner09,776435216,False,True,False,Default
piece_banner10,1986288798,False,True,False,Default
piece_banner11,420204857,False,True,False,Default
piece_bathtub,2109981969,False,True,False,Solid
piece_bed02,2024210682,False,True,False,Solid
piece_beehive,28120085,False,True,False,Solid
piece_bench01,-2122807554,False,True,False,Solid
piece_brazierceiling01,997718274,False,True,False,Solid
piece_brazierfloor01,-1758232271,False,True,False,Solid
piece_cartographytable,-164515435,False,True,False,Solid
piece_cauldron,-1652490355,False,True,False,Solid
piece_chair,-637414342,False,True,False,Solid
piece_chair02,-1717421956,False,True,False,Solid
piece_chair03,-1717421957,False,True,False,Solid
piece_chest,-1443983522,False,True,False,Solid
piece_chest_blackmetal,1417076401,False,True,False,Solid
piece_chest_private,698259470,False,True,False,Solid
piece_chest_treasure,-475222070,False,True,False,Solid
piece_chest_wood,328745978,False,True,False,Solid
piece_cloth_hanging_door,-1046192253,False,True,False,Solid
piece_cookingstation,1430888227,False,True,False,Default
piece_cookingstation_iron,778038248,False,True,False,Default
piece_gift1,-1181865690,False,True,False,Solid
piece_gift2,-1181865689,False,True,False,Solid
piece_gift3,-1181865688,False,True,False,Solid
piece_groundtorch,261914232,False,True,False,Default
piece_groundtorch_blue,1441955863,False,True,False,Default
piece_groundtorch_green,-1296288316,False,True,False,Default
piece_groundtorch_wood,1744483228,False,True,False,Default
piece_jackoturnip,232336033,False,True,False,Default
piece_logbench01,-1214978310,False,True,False,Solid
piece_maypole,-780564436,False,True,False,Solid
piece_oven,2024246663,False,True,False,Solid
piece_sharpstakes,1059480620,False,True,False,Solid
piece_spinningwheel,411883698,False,True,False,Solid
piece_stonecutter,-34430377,False,True,False,Solid
piece_table,915094071,False,True,False,Solid
piece_table_oak,-1159820015,False,True,False,Solid
piece_table_round,441267892,False,True,False,Solid
piece_throne01,743791676,False,True,False,Solid
piece_throne02,340507149,False,True,False,Solid
piece_walltorch,1038085717,False,True,False,Default
piece_workbench,-958010034,False,True,False,Solid
piece_workbench_ext1,1017582937,False,True,False,Solid
piece_workbench_ext2,1420867464,False,True,False,Solid
piece_workbench_ext3,-145216477,False,True,False,Solid
piece_workbench_ext4,614298410,False,True,False,Solid
piece_xmastree,-1443700678,False,True,False,Solid
PineCone,1779180581,False,True,False,Default
PineTree,1295600320,False,True,True,Default
Pinetree_01,797319082,True,True,True,Solid
Pinetree_01_Stub,364904293,False,True,True,Default
PineTree_log,1111243907,False,True,True,Default
PineTree_log_half,1016303223,False,True,True,Default
PineTree_log_halfOLD,749341040,False,True,True,Default
PineTree_logOLD,-1636733362,False,True,True,Default
PineTree_Sapling,-1134441643,False,True,True,Default
Player,1875862075,False,False,False,Prioritized
Player_ragdoll,-1124029525,False,False,False,Default
Player_ragdoll_old,751687535,False,False,False,Default
Player_tombstone,-1558312669,False,True,False,Default
PlayerUnarmed,-442047277,False,True,False,Default
portal,-1495166496,False,True,False,Solid
portal_wood,-661882940,False,True,False,Solid
projectile_beam,-225359483,False,False,False,Default
projectile_chitinharpoon,-570735290,False,False,False,Default
projectile_meteor,286479006,False,False,False,Default
projectile_wolffang,-870216900,False,False,False,Default
Pukeberries,-836947401,False,True,False,Default
QueenBee,-1533933068,False,True,False,Default
QueensJam,-474798661,False,True,False,Default
Raft,49675681,False,True,False,Prioritized
raise,-1685068370,False,True,False,Solid
Raspberry,1479220028,False,True,False,Default
RaspberryBush,1809630058,False,True,True,Default
RawMeat,-666181511,False,True,False,Default
replant,-2120318468,False,True,False,Default
Resin,-730656777,False,True,False,Default
Rock_3,1172889253,False,True,True,Solid
Rock_3_frac,1649426798,False,True,True,Solid
Rock_4,1576173780,False,True,True,Solid
Rock_4_plains,-2040381836,False,True,True,Solid
Rock_7,-1152709575,False,True,True,Solid
Rock_destructible,112360646,False,True,False,Solid
Rock_destructible_test,-447136041,False,True,False,Default
rock1_mountain,-1396233392,True,True,True,Solid
rock1_mountain_frac,-496513311,True,True,True,Solid
rock2_heath,-1865631054,True,True,True,Solid
rock2_heath_frac,-1268964283,True,True,True,Solid
rock2_mountain,-1397136109,True,True,True,Solid
rock2_mountain_frac,1422273664,True,True,True,Solid
rock3_mountain,-1398465710,True,True,True,Solid
rock3_mountain_frac,884909855,True,True,True,Solid
rock3_silver,297427804,True,True,True,Solid
rock3_silver_frac,-990678761,True,True,True,Solid
rock4_coast,-790658592,False,True,True,Solid
rock4_coast_frac,1039259597,False,True,True,Solid
rock4_copper,-1552092171,False,True,True,Solid
rock4_copper_frac,912150108,False,True,True,Solid
rock4_forest,1707947207,False,True,True,Solid
rock4_forest_frac,1082202028,False,True,True,Solid
rock4_heath,-1865985940,False,True,True,Solid
rock4_heath_frac,-1655434869,False,True,True,Solid
RockDolmen_1,1396764178,False,True,True,Solid
RockDolmen_2,1800048705,False,True,True,Solid
RockDolmen_3,233964764,False,True,True,Solid
RockFinger,571199914,True,True,True,Solid
RockFinger_frac,-171548199,True,True,True,Solid
RockFingerBroken,414646403,True,True,True,Solid
RockFingerBroken_frac,1140737056,True,True,True,Solid
rockformation1,1524190963,True,True,False,Solid
RockThumb,-1854838197,True,True,True,Solid
RockThumb_frac,-233084190,True,True,True,Solid
Root,-864298130,False,True,False,Default
root07,144829813,False,True,True,Default
root08,-258454714,False,True,True,Default
root11,951398868,False,True,True,Default
root12,548114341,False,True,True,Default
RottenMeat,-476284625,False,True,False,Default
RoundLog,-413278252,False,True,False,Default
Ruby,2052801890,False,True,False,Default
rug_deer,1761585513,False,True,False,Default
rug_fur,1569410630,False,True,False,Default
rug_wolf,-698527959,False,True,False,Default
SaddleLox,-671861700,False,True,False,Default
sapling_barley,967280542,False,True,True,Default
sapling_carrot,1780505228,False,True,True,Default
sapling_flax,1079411440,False,True,True,Default
sapling_onion,-364092232,False,True,True,Default
sapling_seedcarrot,219934075,False,True,True,Default
sapling_seedonion,-1390589197,False,True,True,Default
sapling_seedturnip,-1250573360,False,True,True,Default
sapling_turnip,310026689,False,True,True,Default
Sausages,1580132118,False,True,False,Default
Seagal,1469476749,False,True,False,Default
Serpent,1671717323,False,True,False,Default
SerpentMeat,-370330082,False,True,False,Default
SerpentMeatCooked,865616331,False,True,False,Default
SerpentScale,-1569517817,False,True,False,Default
SerpentStew,-1781955618,False,True,False,Default
sfx_Abomination_attack,318619260,False,False,False,Default
sfx_Abomination_Attack2_slam_whoosh,-472153373,False,False,False,Default
sfx_Abomination_swing,85954002,False,False,False,Default
sfx_arrow_hit,2116918345,False,False,False,Default
sfx_atgeir_attack,-9823443,False,False,False,Default
sfx_atgeir_attack_secondary,1119253240,False,False,False,Default
sfx_axe_flint_hit,-1785312200,False,False,False,Default
sfx_axe_hit,1674650800,False,False,False,Default
sfx_axe_swing,1525903873,False,False,False,Default
sfx_barley_hit,2017903409,False,False,False,Default
sfx_barnacle_destroyed,-287013000,False,False,False,Default
sfx_bat_alerted,-1056847255,False,False,False,Default
sfx_bat_attack,1641770234,False,False,False,Default
sfx_bat_idle,-1204919892,False,False,False,Default
sfx_battleaxe_hit,-282875050,False,False,False,Default
sfx_battleaxe_swing_start,-445258974,False,False,False,Default
sfx_battleaxe_swing_wosh,1475499163,False,False,False,Default
sfx_beehive_destroyed,1742233836,False,False,False,Default
sfx_beehive_hit,1096880206,False,False,False,Default
sfx_blob_alerted,1632142469,False,False,False,Default
sfx_blob_attack,148104278,False,False,False,Default
sfx_blob_death,-1615338232,False,False,False,Default
sfx_blob_hit,1859362075,False,False,False,Default
sfx_blob_idle,442506800,False,False,False,Default
sfx_blob_jump,139978274,False,False,False,Default
sfx_blobtar_attack_spit,-1602192272,False,False,False,Default
sfx_blobtar_idle,679310017,False,False,False,Default
sfx_boar_alerted,1128738514,False,False,False,Default
sfx_boar_attack,2121021919,False,False,False,Default
sfx_boar_birth,-287580596,False,False,False,Default
sfx_boar_death,1768214527,False,False,False,Default
sfx_boar_hit,-2014915412,False,False,False,Default
sfx_boar_idle,601266887,False,False,False,Default
sfx_boar_love,-2013304865,False,False,False,Default
sfx_bomb_throw,185328793,False,False,False,Default
sfx_Bonemass_alert,1294883521,False,False,False,Default
sfx_Bonemass_death,2046458303,False,False,False,Default
sfx_Bonemass_Hit,980760610,False,False,False,Default
sfx_Bonemass_idle,-491656505,False,False,False,Default
sfx_bonepile_destroyed,-1605529788,False,False,False,Default
sfx_bones_pick,-643696903,False,False,False,Default
sfx_bow_draw,-1901670101,False,False,False,Default
sfx_bow_fire,-1888631953,False,False,False,Default
sfx_bow_fire_silent,-2097698275,False,False,False,Default
sfx_bowl_AddItem,-1515693285,False,False,False,Default
sfx_build_cultivator,1257287840,False,False,False,Default
sfx_build_hammer_crystal,-1278010020,False,False,False,Default
sfx_build_hammer_default,2097750009,False,False,False,Default
sfx_build_hammer_metal,280157711,False,False,False,Default
sfx_build_hammer_stone,-1311934539,False,False,False,Default
sfx_build_hammer_wood,-2011991903,False,False,False,Default
sfx_build_hoe,-699454731,False,False,False,Default
sfx_bush_hit,-1065983654,False,False,False,Default
sfx_cart_hit,227256914,False,False,False,Default
sfx_chest_close,-72591688,False,False,False,Default
sfx_chest_open,-1129500684,False,False,False,Default
sfx_claw_swing,296086892,False,False,False,Default
sfx_club_hit,1859348788,False,False,False,Default
sfx_club_swing,180601353,False,False,False,Default
sfx_coins_destroyed,956240876,False,False,False,Default
sfx_coins_pile_destroyed,-1890597475,False,False,False,Default
sfx_coins_pile_placed,-1022715103,False,False,False,Default
sfx_coins_placed,1987656624,False,False,False,Default
sfx_cooking_station_burnt,1597637767,False,False,False,Default
sfx_cooking_station_done,-1771031886,False,False,False,Default
sfx_cooking_station_take,-440219305,False,False,False,Default
sfx_creature_consume,-331212374,False,False,False,Default
sfx_crow_death,-442618672,False,False,False,Default
sfx_deathsquito_attack,1259899960,False,False,False,Default
sfx_deer_alerted,-357044922,False,False,False,Default
sfx_deer_death,786261919,False,False,False,Default
sfx_deer_idle,184170615,False,False,False,Default
sfx_dodge,2120243119,False,False,False,Default
sfx_dragon_alerted,-812720353,False,False,False,Default
sfx_dragon_coldball_explode,-2106959121,False,False,False,Default
sfx_dragon_coldball_launch,448545629,False,False,False,Default
sfx_dragon_coldball_start,-626665322,False,False,False,Default
sfx_dragon_coldbreath_start,2128287383,False,False,False,Default
sfx_dragon_coldbreath_trailon,-238966068,False,False,False,Default
sfx_dragon_death,1090343548,False,False,False,Default
sfx_dragon_hurt,-891344597,False,False,False,Default
sfx_dragon_idle,-1650858748,False,False,False,Default
sfx_dragon_melee_hit,-1804404888,False,False,False,Default
sfx_dragon_melee_start,1936230299,False,False,False,Default
sfx_dragon_scream,1061380211,False,False,False,Default
sfx_dragonegg_destroy,52560671,False,False,False,Default
sfx_draugr_alerted,1448680921,False,False,False,Default
sfx_draugr_death,-1989076202,False,False,False,Default
sfx_draugr_hit,-112770717,False,False,False,Default
sfx_draugr_idle,-419194450,False,False,False,Default
sfx_draugrpile_destroyed,-1876585691,False,False,False,Default
sfx_draugrpile_hit,-920114813,False,False,False,Default
sfx_DraugrSpawn,-1626280682,False,False,False,Default
sfx_eat,-1371474352,False,False,False,Default
sfx_eikthyr_alert,-1120079577,False,False,False,Default
sfx_eikthyr_death,-138843163,False,False,False,Default
sfx_eikthyr_hit,789326860,False,False,False,Default
sfx_eikthyr_idle,-1976095907,False,False,False,Default
sfx_equip,1387578946,False,False,False,Default
sfx_equip_start,1204475865,False,False,False,Default
sfx_fenring_alerted,-1862261727,False,False,False,Default
sfx_fenring_claw_hit,342632397,False,False,False,Default
sfx_fenring_claw_start,1227596662,False,False,False,Default
sfx_fenring_claw_trailstart,590949502,False,False,False,Default
sfx_fenring_death,726801436,False,False,False,Default
sfx_fenring_fireclaw,-780440161,False,False,False,Default
sfx_fenring_howl,-1210864460,False,False,False,Default
sfx_fenring_idle,536788148,False,False,False,Default
sfx_fenring_jump_start,-2025415501,False,False,False,Default
sfx_fenring_jump_trailstart,42596973,False,False,False,Default
sfx_fenring_jump_trigger,-227508653,False,False,False,Default
sfx_fermenter_add,-1504196720,False,False,False,Default
sfx_fermenter_tap,-1907481662,False,False,False,Default
sfx_FireAddFuel,-544513927,False,False,False,Default
sfx_fishingrod_linebreak,769769393,False,False,False,Default
sfx_fishingrod_swing,1243570260,False,False,False,Default
sfx_fist_metal_blocked,1977532003,False,False,False,Default
sfx_Frost_Start,919660713,False,False,False,Default
sfx_gdking_alert,-1849978965,False,False,False,Default
sfx_gdking_death,286111049,False,False,False,Default
sfx_gdking_idle,603150001,False,False,False,Default
sfx_gdking_punch,-371166203,False,False,False,Default
sfx_gdking_rock_destroyed,-2047078594,False,False,False,Default
sfx_gdking_scream,-669580346,False,False,False,Default
sfx_gdking_shoot_start,1621948229,False,False,False,Default
sfx_gdking_shoot_trigger,-1858890103,False,False,False,Default
sfx_gdking_spawn,-2000700602,False,False,False,Default
sfx_gdking_stomp,-1268036788,False,False,False,Default
sfx_ghost_alert,-1797734528,False,False,False,Default
sfx_ghost_attack,-698369758,False,False,False,Default
sfx_ghost_attack_hit,1668762708,False,False,False,Default
sfx_ghost_death,-1293429652,False,False,False,Default
sfx_ghost_hurt,62237157,False,False,False,Default
sfx_ghost_idle,122846068,False,False,False,Default
sfx_goblin_alerted,957066015,False,False,False,Default
sfx_goblin_death,-1484016104,False,False,False,Default
sfx_goblin_hit,92356725,False,False,False,Default
sfx_goblin_idle,298715040,False,False,False,Default
sfx_goblinbrute_alerted,209539363,False,False,False,Default
sfx_goblinbrute_clubhit,-436006683,False,False,False,Default
sfx_goblinbrute_clubswing,-790848394,False,False,False,Default
sfx_goblinbrute_death,1813676922,False,False,False,Default
sfx_goblinbrute_hit,-1694032143,False,False,False,Default
sfx_goblinking_beam,1731195420,False,False,False,Default
sfx_goblinking_taunt,363874217,False,False,False,Default
sfx_GoblinShaman_alerted,324164379,False,False,False,Default
sfx_GoblinShaman_death,-1202814254,False,False,False,Default
sfx_GoblinShaman_fireball_launch,-512484755,False,False,False,Default
sfx_GoblinShaman_hurt,-840257425,False,False,False,Default
sfx_GoblinShaman_idle,1888625450,False,False,False,Default
sfx_greydwarf_alerted,869677353,False,False,False,Default
sfx_greydwarf_attack,1675311800,False,False,False,Default
sfx_greydwarf_attack_hit,-1632421286,False,False,False,Default
sfx_greydwarf_death,-1447958386,False,False,False,Default
sfx_greydwarf_elite_alerted,1560640839,False,False,False,Default
sfx_greydwarf_elite_attack,-1245172204,False,False,False,Default
sfx_greydwarf_elite_death,-1424600366,False,False,False,Default
sfx_greydwarf_elite_idle,-272788038,False,False,False,Default
sfx_greydwarf_hit,768797863,False,False,False,Default
sfx_greydwarf_idle,518810534,False,False,False,Default
sfx_greydwarf_shaman_attack,698141549,False,False,False,Default
sfx_greydwarf_shaman_heal,-921150635,False,False,False,Default
sfx_greydwarf_stone_hit,-1806562545,False,False,False,Default
sfx_greydwarf_throw,-1038008944,False,False,False,Default
sfx_greydwarfnest_destroyed,-2107531651,False,False,False,Default
sfx_greydwarfnest_hit,1009431615,False,False,False,Default
sfx_greyling_alerted,36140811,False,False,False,Default
sfx_greyling_attack,-309914534,False,False,False,Default
sfx_greyling_death,-160017500,False,False,False,Default
sfx_greyling_hit,933333521,False,False,False,Default
sfx_greyling_idle,-1568237828,False,False,False,Default
sfx_GuckSackDestroyed,1741169793,False,False,False,Default
sfx_GuckSackHit,-233871765,False,False,False,Default
sfx_gui_craftitem,362390805,False,False,False,Default
sfx_gui_craftitem_cauldron,1448794450,False,False,False,Default
sfx_gui_craftitem_cauldron_end,-1871015160,False,False,False,Default
sfx_gui_craftitem_end,-1488968663,False,False,False,Default
sfx_gui_craftitem_forge,-1252768741,False,False,False,Default
sfx_gui_craftitem_forge_end,-1845774265,False,False,False,Default
sfx_gui_craftitem_workbench,443759629,False,False,False,Default
sfx_gui_craftitem_workbench_end,879403129,False,False,False,Default
sfx_gui_repairitem_forge,-1701226344,False,False,False,Default
sfx_gui_repairitem_workbench,922799634,False,False,False,Default
sfx_haldor_greet,35942974,False,False,False,Default
sfx_haldor_laugh,-1346573826,False,False,False,Default
sfx_haldor_yea,-111516482,False,False,False,Default
sfx_hatchling_alerted,1199232568,False,False,False,Default
sfx_hatchling_coldball_explode,-1823965796,False,False,False,Default
sfx_hatchling_coldball_launch,-1782709912,False,False,False,Default
sfx_hatchling_coldball_start,1547577083,False,False,False,Default
sfx_hatchling_death,-558295565,False,False,False,Default
sfx_hatchling_idle,-11215269,False,False,False,Default
sfx_hatcling_hurt,-2057165472,False,False,False,Default
sfx_hit,-1015244101,False,False,False,Default
sfx_ice_destroyed,1212214977,False,False,False,Default
sfx_ice_hit,1099069099,False,False,False,Default
sfx_imp_alerted,-228445012,False,False,False,Default
sfx_imp_death,518456693,False,False,False,Default
sfx_imp_fireball_explode,232946994,False,False,False,Default
sfx_imp_fireball_launch,-310863970,False,False,False,Default
sfx_imp_hit,1565498190,False,False,False,Default
sfx_jump,-1081772602,False,False,False,Default
sfx_kiln_addore,512263924,False,False,False,Default
sfx_kiln_produce,-664898105,False,False,False,Default
sfx_knife_swing,21597614,False,False,False,Default
sfx_land,484569737,False,False,False,Default
sfx_land_water,988384127,False,False,False,Default
sfx_leech_alerted,-1181261327,False,False,False,Default
sfx_leech_attack,1501365952,False,False,False,Default
sfx_leech_attack_hit,-2045834926,False,False,False,Default
sfx_leech_death,1479879878,False,False,False,Default
sfx_leech_hit,578078319,False,False,False,Default
sfx_leech_idle,102110366,False,False,False,Default
sfx_lootspawn,2020511185,False,False,False,Default
sfx_lox_alerted,-1863847711,False,False,False,Default
sfx_lox_attack_bite,468474163,False,False,False,Default
sfx_lox_attack_stomp,-145504576,False,False,False,Default
sfx_lox_shout,2072191495,False,False,False,Default
sfx_loxcalf_alerted,-469793791,False,False,False,Default
sfx_MeadBurp,1571728298,False,False,False,Default
sfx_metal_blocked,1124696762,False,False,False,Default
sfx_metal_blocked_overlay,-1760283719,False,False,False,Default
sfx_metal_shield_blocked,-1772608940,False,False,False,Default
sfx_metal_shield_blocked_overlay,-840864991,False,False,False,Default
sfx_mill_add,2057247232,False,False,False,Default
sfx_mill_produce,-1118938029,False,False,False,Default
sfx_MudDestroyed,821843025,False,False,False,Default
sfx_MudHit,1067687063,False,False,False,Default
sfx_neck_alerted,952841829,False,False,False,Default
sfx_neck_attack,43892854,False,False,False,Default
sfx_neck_attack_hit,-2127668968,False,False,False,Default
sfx_neck_death,-1277955800,False,False,False,Default
sfx_neck_hit,654439419,False,False,False,Default
sfx_neck_idle,-775797488,False,False,False,Default
sfx_obliterator_close,1274852592,False,False,False,Default
sfx_obliterator_open,-682457896,False,False,False,Default
sfx_offering,-1982248368,False,False,False,Default
sfx_oozebomb_explode,-1817721841,False,False,False,Default
sfx_OpenPortal,732280816,False,False,False,Default
sfx_oven_burnt,-1005547168,False,False,False,Default
sfx_oven_done,-1547861929,False,False,False,Default
sfx_oven_take,307453894,False,False,False,Default
sfx_perfectblock,-937050156,False,False,False,Default
sfx_pickable_pick,309311199,False,False,False,Default
sfx_pickaxe_hit,1303862709,False,False,False,Default
sfx_pickaxe_swing,-2079789852,False,False,False,Default
sfx_Poison_Start,-719076567,False,False,False,Default
sfx_Potion_frostresist_Start,-343832221,False,False,False,Default
sfx_Potion_health_Start,679702861,False,False,False,Default
sfx_Potion_stamina_Start,513203996,False,False,False,Default
sfx_prespawn,482237526,False,False,False,Default
sfx_ProjectileHit,933664922,False,False,False,Default
sfx_Puke_female,-326315518,False,False,True,Default
sfx_Puke_male,-90428465,False,False,True,Default
sfx_rock_destroyed,443205179,False,False,False,Default
sfx_rock_hit,1659574845,False,False,False,Default
sfx_secretfound,1862739074,False,False,False,Default
sfx_secretfound 1,-1529198509,False,False,False,Default
sfx_serpent_alerted,-1937784263,False,False,False,Default
sfx_serpent_attack,1720244614,False,False,False,Default
sfx_serpent_attack_hit,-53659712,False,False,False,Default
sfx_serpent_attack_trigger,1664749613,False,False,False,Default
sfx_serpent_death,664835072,False,False,False,Default
sfx_serpent_hurt,1296799745,False,False,False,Default
sfx_serpent_idle,-1452028264,False,False,False,Default
sfx_serpent_taunt,-1775091842,False,False,False,Default
sfx_ship_destroyed,-1123631012,False,False,False,Default
sfx_ship_impact,108601737,False,False,False,Default
sfx_silvermace_hit,101705497,False,False,False,Default
sfx_skeleton_alerted,-779148385,False,False,False,Default
sfx_skeleton_attack,1471010406,False,False,False,Default
sfx_skeleton_big_alerted,-946127216,False,False,False,Default
sfx_skeleton_big_death,-2047632425,False,False,False,Default
sfx_skeleton_death,-632309576,False,False,False,Default
sfx_skeleton_hit,1166104533,False,False,False,Default
sfx_skeleton_idle,-199334624,False,False,False,Default
sfx_skeleton_mace_hit,-134414446,False,False,False,Default
sfx_sledge_hit,1234819210,False,False,False,Default
sfx_sledge_iron_hit,1218133189,False,False,False,Default
sfx_sledge_swing,1025052565,False,False,False,Default
sfx_smelter_add,-1187773206,False,False,False,Default
sfx_smelter_produce,455267851,False,False,False,Default
sfx_spawn,1622864505,False,False,False,Default
sfx_spear_flint_hit,-98825973,False,False,False,Default
sfx_spear_hit,-639458691,False,False,False,Default
sfx_spear_poke,1418593097,False,False,False,Default
sfx_spear_throw,-433840220,False,False,False,Default
sfx_stonegolem_alerted,-1300399715,False,False,False,Default
sfx_stonegolem_attack_hit,-56190528,False,False,False,Default
sfx_stonegolem_attack_wosh,-573443490,False,False,False,Default
sfx_stonegolem_death,-625942156,False,False,False,Default
sfx_stonegolem_hurt,1697953989,False,False,False,Default
sfx_stonegolem_idle,299883260,False,False,False,Default
sfx_stonegolem_primary_start,-122588711,False,False,False,Default
sfx_stonegolem_second_start,1405284141,False,False,False,Default
sfx_stonegolem_spikeattack_trailon,1969679954,False,False,False,Default
sfx_stonegolem_wakeup,252173315,False,False,False,Default
sfx_sword_hit,-908234027,False,False,False,Default
sfx_sword_swing,805484646,False,False,False,Default
sfx_tentaroot_attack,1547379821,False,False,False,Default
sfx_torch_swing,-761428885,False,False,False,Default
sfx_treasurechest_destroyed,1141039220,False,False,False,Default
sfx_tree_fall,-1874475854,False,False,False,Default
sfx_tree_fall_abomination,-1256552928,False,False,False,Default
sfx_tree_fall_hit,990991588,False,False,False,Default
sfx_tree_hit,724468252,False,False,False,Default
sfx_tree_hit_abomination,1701579258,False,False,False,Default
sfx_troll_alerted,1062930251,False,False,False,Default
sfx_troll_attack_hit,236295284,False,False,False,Default
sfx_troll_attacking,-524195358,False,False,False,Default
sfx_troll_death,1550152080,False,False,False,Default
sfx_troll_hit,-919278487,False,False,False,Default
sfx_troll_idle,2138806728,False,False,False,Default
sfx_troll_rock_destroyed,108229521,False,False,False,Default
sfx_ulv_death,-971560874,False,False,False,Default
sfx_unarmed_blocked,-161316095,False,False,False,Default
sfx_unarmed_hit,1606312494,False,False,False,Default
sfx_unarmed_swing,715807293,False,False,False,Default
sfx_UndeadBurn_Start,406146685,False,False,False,Default
sfx_WishbonePing_closer,-1045975014,False,False,False,Default
sfx_WishbonePing_far,-1698132249,False,False,False,Default
sfx_WishbonePing_further,-937629098,False,False,False,Default
sfx_WishbonePing_med,1534792178,False,False,False,Default
sfx_WishbonePing_near,393316638,False,False,False,Default
sfx_wolf_alerted,-960574442,False,False,False,Default
sfx_wolf_attack,523244451,False,False,False,Default
sfx_wolf_attack_hit,163230065,False,False,False,Default
sfx_wolf_birth,-1174064648,False,False,False,Default
sfx_wolf_death,-1803198157,False,False,False,Default
sfx_wolf_hit,-1555397680,False,False,False,Default
sfx_wolf_love,912084459,False,False,False,Default
sfx_wood_blocked,-602397748,False,False,False,Default
sfx_wood_blocked_overlay,-576574677,False,False,False,Default
sfx_wood_break,102817,False,False,False,Default
sfx_wood_destroyed,-1560241923,False,False,False,Default
sfx_wood_hit,-1717541353,False,False,False,Default
sfx_wraith_alerted,-1928641073,False,False,False,Default
sfx_wraith_attack,711249930,False,False,False,Default
sfx_wraith_attack_hit,965283228,False,False,False,Default
sfx_wraith_death,-1778014004,False,False,False,Default
sfx_wraith_hit,901120601,False,False,False,Default
sfx_wraith_idle,944718372,False,False,False,Default
shaman_attack_aoe,1961161115,False,False,False,Default
shaman_heal_aoe,1063409303,False,False,False,Default
SharpeningStone,-750899644,False,True,False,Default
ShieldBanded,616678875,False,True,False,Default
ShieldBlackmetal,-417136115,False,True,False,Default
ShieldBlackmetalTower,-1283608710,False,True,False,Default
ShieldBoneTower,387580618,False,True,False,Default
ShieldBronzeBuckler,831128417,False,True,False,Default
ShieldIronBuckler,-1704092447,False,True,False,Default
ShieldIronSquare,-66427558,False,True,False,Default
ShieldIronTower,1602392070,False,True,False,Default
ShieldKnight,-1748101970,False,True,False,Default
ShieldSerpentscale,-344082900,False,True,False,Default
ShieldSilver,-1248409586,False,True,False,Default
ShieldWood,897989326,False,True,False,Default
ShieldWoodTower,1729114779,False,True,False,Default
ship_construction,-1245442852,False,True,False,Solid
shipwreck_karve_bottomboards,121363955,False,True,False,Solid
shipwreck_karve_bow,-2111136205,False,True,False,Solid
shipwreck_karve_chest,-759801912,False,True,False,Solid
shipwreck_karve_dragonhead,1103509118,False,True,False,Solid
shipwreck_karve_stern,-1183306829,False,True,False,Solid
shipwreck_karve_sternpost,-849022257,False,True,False,Solid
ShocklateSmoothie,-1079051988,False,True,False,Default
shrub_2,-1779355401,False,True,True,Default
shrub_2_heath,-199539902,False,True,True,Default
sign,1084866395,False,True,False,Solid
sign_notext,1316803472,False,True,False,Solid
Silver,-1906091609,False,True,False,Default
SilverNecklace,-726203417,False,True,False,Default
SilverOre,2105582487,False,True,False,Default
silvervein,1611466255,False,True,True,Solid
silvervein_frac,65008322,False,True,True,Solid
Skeleton,-1035090735,False,True,False,Default
skeleton_bow,-955026550,False,True,False,Default
skeleton_mace,598002992,False,True,False,Default
Skeleton_NoArcher,392606230,False,True,False,Default
Skeleton_Poison,-1723003302,False,True,False,Default
skeleton_sword,141245155,False,True,False,Default
Skull1,757858766,False,True,False,Default
Skull2,354574239,False,True,False,Default
sledge_aoe,-8548736,False,False,False,Default
SledgeCheat,175903691,False,True,False,Default
SledgeIron,-228048586,False,True,False,Default
SledgeStagbreaker,-698896327,False,True,False,Default
smelter,900941850,False,True,False,Solid
Spawner_Bat,-1836156358,False,True,False,Default
Spawner_Blob,959730964,False,True,False,Default
Spawner_BlobElite,-241244907,False,True,False,Default
Spawner_BlobTar,-2140639629,False,True,False,Default
Spawner_BlobTar_respawn_30,1490211126,False,True,False,Default
Spawner_Boar,1571435137,False,True,False,Default
Spawner_Cultist,-1600033845,False,True,False,Default
Spawner_Draugr,1620622954,False,True,False,Default
Spawner_Draugr_Elite,-2140484606,False,True,False,Default
Spawner_Draugr_Noise,-1294801227,False,True,False,Default
Spawner_Draugr_Ranged,521057400,False,True,False,Default
Spawner_Draugr_Ranged_Noise,-955292439,False,True,False,Default
Spawner_Draugr_respawn_30,1006477195,False,True,False,Default
Spawner_DraugrPile,-399756230,False,True,False,Default
Spawner_Fenring,705538066,False,True,False,Default
Spawner_Fish4,-524222393,False,True,False,Default
Spawner_Ghost,-2043251898,False,True,False,Default
Spawner_Goblin,-253282352,False,True,False,Default
Spawner_GoblinArcher,-1332276175,False,True,False,Default
Spawner_GoblinBrute,1838267156,False,True,False,Default
Spawner_GoblinShaman,-40747638,False,True,False,Default
Spawner_Greydwarf,544574264,False,True,False,Default
Spawner_Greydwarf_Elite,1287973336,False,True,False,Default
Spawner_Greydwarf_Shaman,-1711995613,False,True,False,Default
Spawner_GreydwarfNest,-2136750990,False,True,False,Default
Spawner_Hatchling,-1720584471,False,True,False,Default
Spawner_imp,489441179,False,True,False,Default
Spawner_imp_respawn,-778538652,False,True,False,Default
Spawner_Leech_cave,-1702254152,False,True,False,Default
Spawner_Location_Elite,-1825512432,False,True,False,Default
Spawner_Location_Greydwarf,1020298526,False,True,False,Default
Spawner_Location_Shaman,233788309,False,True,False,Default
Spawner_Skeleton,-346964912,False,True,False,Default
Spawner_Skeleton_night_noarcher,2087336966,False,True,False,Default
Spawner_Skeleton_poison,-1948581159,False,True,False,Default
Spawner_Skeleton_respawn_30,81405021,False,True,False,Default
Spawner_StoneGolem,710649036,False,True,False,Default
Spawner_Troll,-275632390,False,True,False,Default
Spawner_Ulv,-1076640884,False,True,False,Default
Spawner_Wraith,-268438304,False,True,False,Default
SpearBronze,-1821145625,False,True,False,Default
SpearChitin,678850310,False,True,False,Default
SpearElderbark,-1438354023,False,True,False,Default
SpearFlint,-1352659250,False,True,False,Default
SpearWolfFang,228563121,False,True,False,Default
stake_wall,13326225,False,True,False,Solid
StaminaUpgrade_Greydwarf,-1439240287,False,True,False,Default
StaminaUpgrade_Troll,-2070050825,False,True,False,Default
StaminaUpgrade_Wraith,-1764358509,False,True,False,Default
StatueCorgi,-1452599006,False,True,False,Default
StatueDeer,222646934,False,True,False,Default
StatueEvil,726946320,False,True,False,Default
StatueHare,1936541740,False,True,False,Default
StatueSeed,128538777,False,True,False,Default
Stone,-535531945,False,True,False,Default
stone_arch,-542996224,False,True,False,Solid
stone_floor,1135745654,False,True,False,Solid
stone_floor_2x2,2048610715,False,True,False,Solid
stone_pile,-1094350308,False,True,False,Solid
stone_pillar,-1747173676,False,True,False,Solid
stone_stair,389771597,False,True,False,Solid
stone_wall_1x1,-1764426495,False,True,False,Solid
stone_wall_2x1,-1623263994,False,True,False,Solid
stone_wall_4x2,-2066954473,False,True,False,Solid
stoneblock_fracture,-714671739,False,True,False,Solid
stonechest,-1478464920,False,True,False,Default
StoneGolem,1814827443,False,True,False,Default
stonegolem_attack1_spike,-1408658120,False,True,False,Default
StoneGolem_clubs,-1360440141,False,True,False,Default
StoneGolem_hat,-877622719,False,True,False,Default
Stonegolem_ragdoll,-1554331797,False,True,False,Default
StoneGolem_spikes,-856244001,False,True,False,Default
stubbe,595427151,False,True,True,Solid
stubbe_spawner,1515889972,False,True,True,Solid
sunken_crypt_gate,-339866909,False,True,False,Default
Surtling,1370511288,False,True,False,Default
SurtlingCore,-905433289,False,True,False,Default
SwampTree1,2111235755,False,True,True,Solid
SwampTree1_log,998340100,False,True,True,Default
SwampTree1_Stub,-142007914,False,True,True,Solid
SwampTree2,1707951228,True,True,True,Solid
SwampTree2_darkland,2052455688,True,True,True,Solid
SwampTree2_log,270257971,False,True,True,Solid
SwordBlackmetal,660487747,False,True,False,Default
SwordBronze,995331031,False,True,False,Default
SwordCheat,1586116462,False,True,False,Default
SwordIron,-110263489,False,True,False,Default
SwordIronFire,-114512825,False,True,False,Default
SwordSilver,891097842,False,True,False,Default
Tankard,-430432277,False,True,False,Default
TankardAnniversary,1115535871,False,True,False,Default
TankardOdin,-467580905,False,True,False,Default
Tar,696030903,False,True,False,Default
TarLiquid,920931787,False,True,False,Solid
tarlump1,-1406277430,False,True,True,Solid
tarlump1_frac,2137671655,False,True,True,Solid
TentaRoot,326210194,False,True,False,Default
tentaroot_attack,2038061211,False,True,False,Default
Thistle,-1711101149,False,True,False,Default
Thunderstone,-1340310877,False,True,False,Default
Tin,339800571,False,True,False,Default
TinOre,1742893963,False,True,False,Default
tolroko_flyer,-1028130263,False,False,False,Default
Torch,795277336,False,True,False,Default
Trailership,182695579,False,True,False,Prioritized
TrainingDummy,892476008,False,True,False,Default
treasure_pile,-2052101304,False,True,False,Solid
treasure_stack,-109499528,False,True,False,Solid
TreasureChest_blackforest,1673474691,False,True,False,Default
TreasureChest_fCrypt,1396451807,False,True,False,Default
TreasureChest_forestcrypt,-494038940,False,True,False,Default
TreasureChest_heath,-1283895483,False,True,False,Default
TreasureChest_meadows,600954715,False,True,False,Default
TreasureChest_meadows_buried,1182558977,False,True,False,Default
TreasureChest_mountaincave,637000287,False,True,False,Default
TreasureChest_mountains,-161144371,False,True,False,Default
TreasureChest_plains_stone,-922407394,False,True,False,Default
TreasureChest_sunkencrypt,-190638207,False,True,False,Default
TreasureChest_swamp,887247677,False,True,False,Default
TreasureChest_trollcave,901211521,False,True,False,Default
Troll,425751481,False,True,False,Default
troll_groundslam_aoe,1705853408,False,False,False,Default
troll_log_swing_h,724671782,False,True,False,Default
troll_log_swing_v,724671788,False,True,False,Default
Troll_ragdoll,-1300355707,False,True,False,Default
troll_throw_projectile,-1742068936,False,False,False,Default
TrollHide,-1798613647,False,True,False,Default
TrophyAbomination,950444395,False,True,False,Default
TrophyBlob,744168779,False,True,False,Default
TrophyBoar,434992580,False,True,False,Default
TrophyBonemass,-823608926,False,True,False,Default
TrophyCultist,-275461056,False,True,False,Default
TrophyDeathsquito,-178752771,False,True,False,Default
TrophyDeer,1281967652,False,True,False,Default
TrophyDragonQueen,1777024751,False,True,False,Default
TrophyDraugr,255610059,False,True,False,Default
TrophyDraugrElite,224753756,False,True,False,Default
TrophyDraugrFem,2113459109,False,True,False,Default
TrophyEikthyr,-210135580,False,True,False,Default
TrophyFenring,-1862041229,False,True,False,Default
TrophyForestTroll,1490357724,False,True,False,Default
TrophyFrostTroll,1334057821,False,True,False,Default
TrophyGoblin,-1910628999,False,True,False,Default
TrophyGoblinBrute,-1059419183,False,True,False,Default
TrophyGoblinKing,-761824688,False,True,False,Default
TrophyGoblinShaman,-1390649375,False,True,False,Default
TrophyGreydwarf,1438359047,False,True,False,Default
TrophyGreydwarfBrute,520692315,False,True,False,Default
TrophyGreydwarfShaman,-1167222293,False,True,False,Default
TrophyGrowth,-1545751767,False,True,False,Default
TrophyHatchling,1489900578,False,True,False,Default
TrophyLeech,2011746767,False,True,False,Default
TrophyLox,1418882551,False,True,False,Default
TrophyNeck,-640346581,False,True,False,Default
TrophySerpent,-659296385,False,True,False,Default
TrophySGolem,394875495,False,True,False,Default
TrophySkeleton,446596857,False,True,False,Default
TrophySkeletonPoison,319457105,False,True,False,Default
TrophySurtling,1253526026,False,True,False,Default
TrophyTheElder,-7767225,False,True,False,Default
TrophyUlv,-1310001585,False,True,False,Default
TrophyWolf,1691899648,False,True,False,Default
TrophyWraith,1821410901,False,True,False,Default
tunnel_web,1473935011,False,True,False,Default
turf_roof,-174377588,False,True,False,Default
turf_roof_top,-1994750376,False,True,False,Default
turf_roof_wall,-2117703061,False,True,False,Default
Turnip,-1615314128,False,True,False,Default
TurnipSeeds,1883826970,False,True,False,Default
TurnipStew,131796573,False,True,False,Default
Ulv,-63484205,False,True,False,Default
Ulv_attack1_bite,-2106399042,False,True,False,Default
Ulv_attack2_slash,-1857559904,False,True,False,Default
Ulv_Ragdoll,2013076875,False,False,False,Default
Valkyrie,1321415847,False,False,False,Default
VegvisirShard_Bonemass,2016758402,False,True,False,Default
vertical_web,547607065,False,True,False,Default
vfx_arrowhit,-1733578089,False,False,False,Default
vfx_auto_pickup,1066770835,False,False,False,Default
vfx_barley_destroyed,1316049866,False,False,False,Default
vfx_barnacle_destroyed,1495888243,False,False,False,Default
vfx_barnacle_hit,-365758259,False,False,False,Default
vfx_barrle_destroyed,331770029,False,False,False,Default
vfx_beech_cut,468348387,False,False,False,Default
vfx_beech_small1_destroy,-127434936,False,False,False,Default
vfx_beech_small2_destroy,510000429,False,False,False,Default
vfx_beechlog_destroyed,-35451204,False,False,True,Default
vfx_beechlog_half_destroyed,-317910816,False,False,True,Default
vfx_beehive_destroyed,-470808985,False,False,False,Default
vfx_beehive_hit,976946033,False,False,False,Default
vfx_birch1_aut_cut,859572588,False,False,False,Default
vfx_birch1_cut,-1147555287,False,False,False,Default
vfx_birch2_aut_cut,-851096239,False,False,False,Default
vfx_birch2_cut,1055017368,False,False,False,Default
vfx_blastfurance_addfuel,1343538387,False,False,False,Default
vfx_blastfurnace_addore,984877513,False,False,False,Default
vfx_blastfurnace_produce,2028884154,False,False,False,Default
vfx_blob_attack,18698171,False,False,False,Default
vfx_blob_death,593299331,False,False,False,Default
vfx_blob_hit,1665989430,False,False,False,Default
vfx_blobelite_attack,1436176688,False,False,False,Default
vfx_blobtar_death,145857790,False,False,False,Default
vfx_blobtar_hit,382852373,False,False,False,Default
vfx_blocked,-886131209,False,False,False,Default
vfx_BloodDeath,1874304749,False,False,False,Default
vfx_BloodHit,-512952038,False,False,False,Default
vfx_boar_birth,1921065415,False,False,False,Default
vfx_boar_death,-318107006,False,False,False,Default
vfx_boar_hit,2086679503,False,False,False,Default
vfx_boar_love,195340900,False,False,False,Default
vfx_BonemassDeath,-1941020771,False,False,False,Default
vfx_BonemassHit,-1564202362,False,False,False,Default
vfx_bonepile_destroyed,-1211919799,False,False,False,Default
vfx_bones_pick,1565156094,False,False,False,Default
vfx_bonfire_AddFuel,1894220146,False,False,False,Default
vfx_bonfire_destroyed,-904512894,False,False,False,Default
vfx_bow_fire,-2082004790,False,False,False,Default
vfx_bowl_AddItem,-1645099656,False,False,False,Default
vfx_Burning,-404786718,False,False,True,Default
vfx_bush_destroyed,608518267,False,False,False,Default
vfx_bush_destroyed_heath,358887432,False,False,False,Default
vfx_bush_leaf_puff,1138218448,False,False,False,Default
vfx_bush_leaf_puff_heath,-2056072157,False,False,False,Default
vfx_bush2_e_hit,1106775641,False,False,True,Default
vfx_bush2_en_destroyed,1659973233,False,False,True,Default
vfx_cartograpertable_write,-1811143589,False,False,False,Default
vfx_cloth_hanging_destroyed,-395953198,False,False,False,Default
vfx_clubhit,1224459144,False,False,False,Default
vfx_CoalDestroyed,-1724176891,False,False,False,Default
vfx_CoalHit,1378946595,False,False,False,Default
vfx_coin_pile_destroyed,625439651,False,False,False,Default
vfx_coin_stack_destroyed,1245329977,False,False,False,Default
vfx_Cold,121256471,False,False,True,Default
vfx_ColdBall_Hit,1008503002,False,False,False,Default
vfx_ColdBall_launch,1718661266,False,False,False,Default
vfx_cooking_station_transform,-1234239539,False,False,False,Default
vfx_corpse_destruction_large,1848449852,False,False,False,Default
vfx_corpse_destruction_medium,510941886,False,False,False,Default
vfx_corpse_destruction_small,1555670196,False,False,False,Default
vfx_creature_soothed,-416794571,False,False,False,Default
vfx_crow_death,1768661069,False,False,False,Default
vfx_damaged_cart,-284562001,False,False,False,Default
vfx_Damaged_Karve,-1049460462,False,False,False,Default
vfx_Damaged_Raft,884897364,False,False,False,Default
vfx_Damaged_VikingShip,-2045988123,False,False,False,Default
vfx_darkland_groundfog,-1896715824,False,True,False,Default
vfx_deer_death,-1290868190,False,False,False,Default
vfx_deer_hit,-1914944657,False,False,False,Default
vfx_Destroyed_Karve,168794906,False,False,False,Default
vfx_Destroyed_Raft,-2044113848,False,False,False,Default
vfx_Destroyed_VikingShip,1181203005,False,False,False,Default
vfx_dragon_coldbreath,1034819573,False,False,False,Default
vfx_dragon_death,1273669409,False,False,False,Default
vfx_dragon_hurt,-708018736,False,False,False,Default
vfx_dragon_ice_hit,1662860094,False,False,False,Default
vfx_dragonegg_destroy,2102462628,False,False,False,Default
vfx_draugr_death,-1805750341,False,False,False,Default
vfx_draugr_hit,2105343528,False,False,False,Default
vfx_draugrpile_destroyed,-786333438,False,False,False,Default
vfx_draugrpile_hit,836768320,False,False,False,Default
vfx_DraugrSpawn,-1452023749,False,False,False,Default
vfx_edge_clouds,-602293851,False,True,False,Default
vfx_eikthyr_death,-87169824,False,False,False,Default
vfx_fenring_cultist_death,-12616560,False,False,False,Default
vfx_fenring_death,2101883415,False,False,False,Default
vfx_fenring_hurt,-837531426,False,False,False,Default
vfx_fenrirhide_hanging_destroyed,-540699250,False,False,False,Default
vfx_fermenter_add,174557517,False,False,False,Default
vfx_fermenter_tap,-228727875,False,False,False,Default
vfx_fir_oldlog,550787196,False,False,True,Default
vfx_FireAddFuel,-59626026,False,False,False,Default
vfx_FireballHit,-1734590895,False,False,False,Default
vfx_firetree_regrow,1403184098,False,False,False,Default
vfx_firetreecut,-1699433389,False,False,False,Default
vfx_firetreecut_dead,-139036264,False,False,False,Default
vfx_firetreecut_dead_abomination,-127726790,False,False,False,Default
vfx_firlogdestroyed,151805409,False,False,True,Default
vfx_firlogdestroyed_half,1880682397,False,False,True,Default
vfx_foresttroll_hit,1497395801,False,False,False,Default
vfx_ForgeAddFuel,1337401413,False,False,False,Default
vfx_Freezing,982281717,False,False,True,Default
vfx_Frost,-990890393,False,False,True,Default
vfx_frostarrow_hit,-225851562,False,False,False,Default
vfx_frosttroll_hit,-327544276,False,False,False,Default
vfx_gdking_stomp,-1006512207,False,False,False,Default
vfx_ghost_death,-1040762809,False,False,False,Default
vfx_ghost_hit,-565995904,False,False,False,Default
vfx_goblin_death,-1229125003,False,False,False,Default
vfx_goblin_hit,-1982327694,False,False,False,Default
vfx_goblin_woodwall_destroyed,-2075528908,False,False,False,Default
vfx_goblinbrute_death,-1461997707,False,False,False,Default
vfx_goblinbrute_hit,939866254,False,False,False,Default
vfx_goblinking_beam_OLD,580593833,False,False,False,Default
vfx_GoblinShield,354834569,False,False,True,Default
vfx_GodExplosion,-811131418,False,False,False,Default
vfx_greydwarf_death,1697016051,False,False,False,Default
vfx_greydwarf_elite_death,1673835157,False,False,False,Default
vfx_greydwarf_hit,213347242,False,False,False,Default
vfx_greydwarf_root_destroyed,1210601465,False,False,False,Default
vfx_greydwarf_shaman_pray,-997579616,False,False,False,Default
vfx_greydwarfnest_destroyed,1285232666,False,False,False,Default
vfx_greydwarfnest_hit,1714298628,False,False,False,Default
vfx_groundtorch_addFuel,234310646,False,False,False,Default
vfx_GuckSackDestroyed,-1900611834,False,False,False,Default
vfx_GuckSackHit,-285005240,False,False,False,Default
vfx_GuckSackSmall_Destroyed,-502557894,False,False,False,Default
vfx_Harpooned,281556695,False,False,True,Default
vfx_hatchling_death,-665211050,False,False,False,Default
vfx_hatchling_hurt,1791984981,False,False,False,Default
vfx_HealthUpgrade,528844679,False,False,False,Default
vfx_HearthAddFuel,713592094,False,False,False,Default
vfx_HitSparks,1969967266,False,False,False,Default
vfx_ice_destroyed,-477844346,False,False,False,Default
vfx_ice_destroyed_shelf,1893942415,False,False,False,Default
vfx_ice_hit,905768520,False,False,False,Default
vfx_iceblocker_destroyed,-1671524600,False,False,False,Default
vfx_ImpDeath,-1147224145,False,False,False,Default
vfx_kiln_addore,463220889,False,False,False,Default
vfx_kiln_produce,-713949142,False,False,False,Default
vfx_leech_death,1653866731,False,False,False,Default
vfx_leech_hit,-1499057998,False,False,False,Default
vfx_lever,393840463,False,False,False,Default
vfx_lootspawn,-56897708,False,False,False,Default
vfx_lox_groundslam,911060721,False,False,False,Default
vfx_lox_love,169761379,False,False,False,Default
vfx_lox_soothed,247941897,False,False,False,Default
vfx_MeadSplash,-993136993,False,False,False,Default
vfx_mill_add,1864219229,False,False,False,Default
vfx_mill_produce,-873027154,False,False,False,Default
vfx_mountainkit_chair_destroyed,1273663262,False,False,False,Default
vfx_mountainkit_table_destroyed,-1844426309,False,False,False,Default
vfx_MudDestroyed,1067466478,False,False,False,Default
vfx_MudHit,1061837716,False,False,False,Default
vfx_neck_death,939881635,False,False,False,Default
vfx_neck_hit,461345558,False,False,False,Default
vfx_oak_cut,-1049327509,False,False,False,Default
vfx_oaklogdestroyed,810109753,False,False,True,Default
vfx_oaklogdestroyed_half,-1918736987,False,False,True,Default
vfx_ocean_clouds,267788734,False,True,False,Default
vfx_odin_despawn,139151798,False,False,False,Default
vfx_offering,2119690483,False,False,False,Default
vfx_perfectblock,-1068553607,False,False,False,Default
vfx_pickable_pick,30264026,False,False,False,Default
vfx_pinelogdestroyed,1271903464,False,False,True,Default
vfx_pinelogdestroyed_half,606433836,False,False,True,Default
vfx_pinetree_regrow,-1912975828,False,False,False,Default
vfx_pinetreecut,-1028062451,False,False,False,Default
vfx_Place_bed,-1132904122,False,False,False,Default
vfx_Place_beehive,-1425267801,False,False,False,Default
vfx_Place_brazierceiling01,-188774892,False,False,False,Default
vfx_Place_cart,98119083,False,False,False,Default
vfx_Place_cauldron,-1835506573,False,False,False,Default
vfx_Place_charcoalkiln,793204114,False,False,False,Default
vfx_Place_chest,233679104,False,False,False,Default
vfx_Place_cookingstation_iron,2095980090,False,False,False,Default
vfx_Place_darkwood_gate,-414032288,False,False,False,Default
vfx_Place_digg,1247363526,False,False,False,Default
vfx_Place_forge,-882071934,False,False,False,Default
vfx_Place_Karve,-1990881174,False,False,False,Default
vfx_Place_mud_road,-986664346,False,False,False,Default
vfx_Place_oven,-1931600359,False,False,False,Default
vfx_Place_portal,1833898339,False,False,False,Default
vfx_Place_Raft,98119528,False,False,False,Default
vfx_Place_raise,-1587639081,False,False,False,Default
vfx_Place_replant,-148711009,False,False,False,Default
vfx_Place_smelter,-844306953,False,False,False,Default
vfx_Place_spinningwheel,2083408048,False,False,False,Default
vfx_Place_stone_floor,2082355887,False,False,False,Default
vfx_Place_stone_floor_2x2,-17539746,False,False,False,Default
vfx_Place_stone_wall_2x1,460429117,False,False,False,Default
vfx_Place_stone_wall_4x2,1179538052,False,False,False,Default
vfx_Place_throne02,-869703693,False,False,False,Default
vfx_Place_VikingShip,485939669,False,False,False,Default
vfx_Place_windmill,470607579,False,False,False,Default
vfx_Place_wood_beam,1407536740,False,False,False,Default
vfx_Place_wood_floor,-752405273,False,False,False,Default
vfx_Place_wood_pole,298697721,False,False,False,Default
vfx_Place_wood_roof,177738195,False,False,False,Default
vfx_Place_wood_stair,-2070887160,False,False,False,Default
vfx_Place_wood_wall,1804172929,False,False,False,Default
vfx_Place_wood_wall_half,-1695999899,False,False,False,Default
vfx_Place_wood_wall_roof,-849025734,False,False,False,Default
vfx_Place_workbench,1112160676,False,False,False,Default
vfx_player_death,1600378975,False,False,False,Default
vfx_player_hit,2114241932,False,False,False,Default
vfx_Poison,1225290243,False,False,True,Default
vfx_poisonarrow_hit,-1642631106,False,False,False,Default
vfx_Potion_health_medium,-1239285227,False,False,True,Default
vfx_Potion_stamina_medium,1971950416,False,False,True,Default
vfx_prespawn,288873395,False,False,False,Default
vfx_ProjectileHit,1252888223,False,False,False,Default
vfx_RockDestroyed,395694737,False,False,False,Default
vfx_RockDestroyed_large,-631382181,False,False,False,Default
vfx_RockDestroyed_Obsidian,-871962805,False,False,False,Default
vfx_RockHit,-730764453,False,False,False,Default
vfx_RockHit_Obsidian,661975945,False,False,False,Default
vfx_SawDust,-1195108480,False,False,False,Default
vfx_SawDust_abomination,1575895354,False,False,False,Default
vfx_seagull_death,1241359129,False,False,False,Default
vfx_serpent_attack_trigger,1487320808,False,False,False,Default
vfx_serpent_death,-1248245181,False,False,False,Default
vfx_serpent_hurt,1238827358,False,False,False,Default
vfx_shrub_2_destroyed,-408284028,False,False,False,Default
vfx_shrub_2_heath_destroyed,-1172819289,False,False,False,Default
vfx_shrub_2_hit,-1619361458,False,False,False,Default
vfx_shrub_heath_hit,-355458734,False,False,False,Default
vfx_silvermace_hit,-1516628266,False,False,False,Default
vfx_skeleton_big_death,1464964316,False,False,False,Default
vfx_skeleton_death,1966038773,False,False,False,Default
vfx_skeleton_hit,1114691826,False,False,False,Default
vfx_skeleton_mace_hit,-916784691,False,False,False,Default
vfx_sledge_hit,-849145139,False,False,False,Default
vfx_sledge_iron_hit,1136200682,False,False,False,Default
vfx_smelter_addfuel,613386663,False,False,False,Default
vfx_smelter_addore,-236669799,False,False,False,Default
vfx_smelter_produce,524856430,False,False,False,Default
vfx_Smoked,-1730929208,False,False,True,Default
vfx_spawn,1617006654,False,False,False,Default
vfx_spawn_large,-1665118250,False,False,False,Default
vfx_spawn_small,1628388642,False,False,False,Default
vfx_StaminaUpgrade,-1295196504,False,False,False,Default
vfx_standing_brazier_destroyed,362897581,False,False,False,Default
vfx_stone_floor_2x2_destroyed,-207598898,False,False,False,Default
vfx_stone_floor_destroyed,744571047,False,False,False,Default
vfx_stone_stair_destroyed,884180074,False,False,False,Default
vfx_stone_wall_4x2_destroyed,487704284,False,False,False,Default
vfx_stonegolem_attack_hit,-497397627,False,False,False,Default
vfx_stonegolem_death,649138327,False,False,False,Default
vfx_stonegolem_hurt,-1321932824,False,False,False,Default
vfx_stonegolem_wakeup,-619835584,False,False,False,Default
vfx_stubbe,-1129264550,False,False,True,Default
vfx_swamp_mist,1008438155,False,True,False,Default
vfx_swamptree_cut,-907217478,False,False,False,Default
vfx_Tared,1314778849,False,False,True,Default
vfx_torch_hit,998359095,False,False,False,Default
vfx_tree_fall_hit,-1850635673,False,False,False,Default
vfx_troll_attack_hit,-398437737,False,False,False,Default
vfx_troll_death,1715200685,False,False,False,Default
vfx_troll_groundslam,1279620163,False,False,False,Default
vfx_troll_log_hitground,-795702158,False,False,False,Default
vfx_troll_rock_destroyed,-1036826514,False,False,False,Default
vfx_turnip_grow,229884025,False,False,False,Default
vfx_ulv_death,1248443675,False,False,False,Default
vfx_UndeadBurn,-146689421,False,False,True,Default
vfx_vines_destroyed,1253313884,False,False,False,Default
vfx_walltorch_addFuel,109708603,False,False,False,Default
vfx_WaterImpact_Karve,1612136656,False,False,False,Default
vfx_WaterImpact_Raft,-837489954,False,False,False,Default
vfx_WaterImpact_VikingShip,2135074485,False,False,False,Default
vfx_Wet,953948517,False,False,True,Default
vfx_WishbonePing,1002622938,False,False,False,Default
vfx_wolf_death,416803702,False,False,False,Default
vfx_wolf_hit,-1748425933,False,False,False,Default
vfx_wood_core_stack_destroyed,-1319659911,False,False,False,Default
vfx_wood_fine_stack_destroyed,511674592,False,False,False,Default
vfx_wood_stack_destroyed,-1403761043,False,False,False,Default
vfx_wraith_death,-1525697551,False,False,False,Default
vfx_wraith_hit,-1173641826,False,False,False,Default
VikingShip,118230510,False,True,False,Prioritized
vines,-649881157,False,True,False,Default
widestone,-2094909618,False,True,True,Solid
widestone_frac,-1462463015,False,True,True,Solid
windmill,-984198658,False,True,False,Solid
Wishbone,1219941843,False,True,False,Default
WitheredBone,1905991362,False,True,False,Default
Wolf,1010961914,False,True,False,Default
Wolf_cub,-1969683915,False,True,False,Default
Wolf_Ragdoll,-113693526,False,True,False,Default
WolfClaw,745645583,False,True,False,Default
WolfFang,-927843224,False,True,False,Default
WolfHairBundle,-237951114,False,True,False,Default
WolfJerky,-1029078359,False,True,False,Default
WolfMeat,167698947,False,True,False,Default
WolfMeatSkewer,-1653997440,False,True,False,Default
WolfPelt,167698835,False,True,False,Default
Wood,-151837501,False,True,False,Default
wood_beam,-1109248277,False,True,False,Solid
wood_beam_1,-155126795,False,True,False,Solid
wood_beam_26,1332601932,False,True,False,Solid
wood_beam_45,1735886465,False,True,False,Solid
wood_core_stack,-1421478172,False,True,False,Solid
wood_door,692106840,False,True,False,Solid
wood_dragon1,775398114,False,True,False,Solid
wood_fence,-2081117101,False,True,False,Solid
wood_fine_stack,719595997,False,True,False,Solid
wood_floor,-1045925142,False,True,False,Solid
wood_floor_1x1,-745132593,False,True,False,Solid
wood_gate,1007930775,False,True,False,Solid
wood_ledge,364666255,False,True,False,Solid
wood_log_26,581611607,False,True,False,Solid
wood_log_45,-224957444,False,True,False,Solid
wood_pole,1142703842,False,True,False,Solid
wood_pole_log,-1424233331,False,True,False,Solid
wood_pole_log_4,1024658248,False,True,False,Solid
wood_pole2,524618856,False,True,False,Solid
wood_roof,-1626585462,False,True,False,Solid
wood_roof_45,-877641284,False,True,False,Solid
wood_roof_icorner,-1076788695,False,True,False,Solid
wood_roof_icorner_45,1132532351,False,True,False,Solid
wood_roof_ocorner,-1076581777,False,True,False,Solid
wood_roof_ocorner_45,1139360637,False,True,False,Solid
wood_roof_top,2141320638,False,True,False,Solid
wood_roof_top_45,-598122136,False,True,False,Solid
wood_stack,-2139848760,False,True,False,Solid
wood_stair,945264965,False,True,False,Solid
wood_stepladder,-354552934,False,True,False,Solid
wood_wall_half,-1000346356,False,True,False,Solid
wood_wall_log,-886156835,False,True,False,Solid
wood_wall_log_4x0.5,214591025,False,True,False,Solid
wood_wall_quarter,622849921,False,True,False,Solid
wood_wall_roof,1882996769,False,True,False,Solid
wood_wall_roof_45,-1218250357,False,True,False,Solid
wood_wall_roof_45_upsidedown,618430194,False,True,False,Solid
wood_wall_roof_top,437925541,False,True,False,Solid
wood_wall_roof_top_45,-1199392921,False,True,False,Solid
wood_wall_roof_upsidedown,1974160938,False,True,False,Solid
wood_window,-1138351504,False,True,False,Solid
woodiron_beam,-1499117535,False,True,False,Solid
woodiron_pole,-2023619468,False,True,False,Solid
woodwall,-523056075,False,True,False,Solid
Wraith,68955605,False,True,False,Default
wraith_melee,-1764301166,False,True,False,Default
YagluthDrop,-609016745,False,True,False,Default
YmirRemains,176995072,False,True,False,Default